TranscriptionFactor,TargetGene,ModeOfRegulation,PMID
AATF,BAX,Repression,22909821
ABL1,BAX,Activation,11753601
ABL1,BCL2,Repression,11753601
AHR,IL1B,Unknown,23349129
AHR,IL6,Activation,20511231
AHR,IL6,Unknown,18483242;23349129
AHR,MT2A,Unknown,23994556
APC,NOS2,Activation,11935128
APC,PTGS2,Repression,10772828;12566320
APC,PTGS2,Unknown,11396184
AR,CRH,Repression,16446741
AR,CTNNB1,Activation,18535113
AR,HMOX1,Activation,11965035
AR,IGF1R,Activation,15033751;17202144
AR,PTGS2,Repression,18386814
AR,VEGFA,Activation,16007189
AR,VEGFA,Unknown,23369005
ARNT,ESR1,Unknown,17991765
ARNT,VEGFA,Unknown,16774940;19020709
ASCL1,IGF2,Repression,20842449
ATF1,BCL2,Unknown,10542244
ATF2,INS,Activation,21278380
ATF2,INS,Unknown,10909971
ATF2,NOS3,Repression,16497991
ATF2,PLAU,Unknown,10454570
ATF2,PTGS2,Unknown,11278336;12057991
ATF2,TNF,Activation,10688670;10748079;10913190;20068037
ATF4,APOE,Activation,22028770
ATF4,IL6,Unknown,16931790
ATF4,PLAU,Activation,18829529
ATF4,PTGS2,Unknown,21244365
ATF4,VEGFA,Activation,15788408;18829529
ATF4,VEGFA,Unknown,18451308;22915762;23908598
ATF5,BCL2,Activation,21212266
ATM,BAX,Activation,16214353
ATM,BCL2,Repression,16214353
ATM,IGF1R,Unknown,11172010
ATM,VEGFA,Repression,20676049
BACH1,HMOX1,Activation,17942419
BACH1,HMOX1,Repression,17409198;18550526;21982894
BACH2,BCL2,Unknown,18929412
BARD1,ESR1,Activation,20060929
BARX2,ESR1,Unknown,16636675
BIN1,MYC,Unknown,9797456
BRCA1,ESR1,Activation,20060929
BRCA1,IGF1,Repression,18045956
BRCA1,IGF1R,Unknown,11001824;19223505
BRCA1,VEGFA,Activation,16543242
CDCA7L,MAOB,Repression,20980443
CDX1,PPARG,Activation,19059241
CDX1,PTGS2,Activation,21613300
CDX2,GSK3B,Unknown,24501326
CDX2,PTGS2,Repression,15013430
CEBPA,BCL2,Repression,12970736
CEBPA,GAPDH,Unknown,12842822
CEBPA,IGF1,Activation,7708053
CEBPA,IGF2,Unknown,7659086
CEBPA,IL6,Unknown,11975924
CEBPA,INSR,Activation,8288055
CEBPA,LEP,Activation,21983012
CEBPB,HSF1,Unknown,11801594
CEBPB,IL1B,Activation,17386941
CEBPB,IL1B,Unknown,10383163;10801783
CEBPB,IL6,Activation,10903137;8725624
CEBPB,IL6,Unknown,11120852
CEBPB,INSR,Activation,8288055
CEBPB,PTGS2,Activation,16820889;18294142
CEBPB,PTGS2,Repression,18820298
CEBPB,PTGS2,Unknown,10956548;16699180;17556653;7559624
CEBPB,TNF,Unknown,10629048;9566900
CEBPD,CASP8,Unknown,24810056
CEBPD,GAPDH,Unknown,12842822
CEBPD,PPARG,Activation,10649448;18619497;20971808
CEBPD,PTGS2,Unknown,7559624
CEBPD,SOD1,Activation,20385105
CEBPD,TNF,Unknown,10629048
CIITA,HLA-DRB5,Unknown,10886240
COPS5,VEGFA,Activation,12542982
CREB1,BCL2,Activation,17290286
CREB1,BCL2,Unknown,10542244;19626458
CREB1,BDNF,Activation,11719924
CREB1,CASP8,Activation,18342014
CREB1,GSK3B,Unknown,11579131
CREB1,HMOX1,Repression,14523007
CREB1,IL6,Activation,8725624
CREB1,NPY,Unknown,12967770
CREB1,PLAU,Unknown,11776974
CREB1,PSEN1,Activation,11116137
CREB1,PTGS2,Activation,22919060
CREBBP,PTGS2,Unknown,11278336
CREM,ACE,Activation,8901568
CRTC1,PPARGC1A,Activation,10893434
CTCF,APP,Activation,11706010;9407128
CTCF,APP,Repression,11706010
CTCF,IGF2,Unknown,18458536;20966046;21536749;24725430
CTNNB1,AR,Unknown,16141201
CTNNB1,BIRC5,Unknown,19662654;19778454
CTNNB1,CCND1,Activation,17109766;20300972
CTNNB1,CCND1,Repression,16628468
CTNNB1,CCND1,Unknown,18679417;19662654;19778454
CTNNB1,CD44,Unknown,17724465
CTNNB1,CHGA,Unknown,21551321
CTNNB1,CLDN2,Activation,14751232
CTNNB1,FST,Unknown,24667650
CTNNB1,GLCE,Unknown,22805760
CTNNB1,GLI2,Unknown,19797115
CTNNB1,JUN,Activation,20300972
CTNNB1,JUN,Unknown,19671687
CTNNB1,MMP14,Activation,21517265
CTNNB1,MMP7,Activation,11158322;15000152
CTNNB1,MYC,Activation,20300972;21533051
CTNNB1,MYC,Unknown,17724465;18679417;19662654;19778454
CTNNB1,NCOA2,Unknown,16141201
CTNNB1,NRCAM,Unknown,17724465
CTNNB1,PLD1,Activation,20442281
CTNNB1,PPARD,Unknown,17724465
CTNNB1,PTGS2,Unknown,11396184
CTNNB1,RB1,Repression,16628468
CTNNB1,STARD7,Activation,21622533
CTNNB1,TCF7,Unknown,17724465
CTNNB1,VIM,Activation,12750294
DDB2,BCL2,Repression,20013802
DDB2,SOD2,Repression,18431487
DDIT3,IL6,Activation,12706815
DDIT3,NOS3,Repression,22265908
DDIT3,TF,Unknown,12939601
DDX5,IGF2,Unknown,20966046
DEK,BCL2,Activation,17685435
DMAP1,BAX,Unknown,24559687
DNMT1,CASP8,Repression,20398055
DNMT1,ESR1,Unknown,21655924;23242655
DNMT1,RELN,Repression,19029285
DNMT1,VEGFA,Activation,17934516
DR1,PTGS2,Activation,11840453
E2F1,BCL2,Activation,11559537;12679318
E2F1,CD2AP,Activation,22880102
E2F1,IL1B,Unknown,17707233
E2F1,PIN1,Unknown,20376080
E2F1,PPARG,Activation,12110166
E2F1,PPARG,Unknown,20971808
E2F1,TNF,Unknown,17707233
E2F1,VEGFA,Repression,20639906
E2F1,WWOX,Repression,15044096
E2F3,VEGFA,Unknown,21372519
E2F4,PPARG,Repression,12110166
EAPP,MAOB,Repression,20980443
EGR1,ACE,Activation,12433834
EGR1,ACE,Unknown,14679188
EGR1,ACHE,Unknown,7559515
EGR1,IGF2,Activation,8634146
EGR1,IGF2,Unknown,10606246;11336542;9610618
EGR1,IL6,Repression,15517885
EGR1,PLAU,Activation,21283769
EGR1,PPARG,Unknown,12011097
EGR1,PSEN2,Unknown,14585504
EGR1,PTGS2,Repression,15517885
EGR1,SOD1,Activation,9867871
EGR1,TNF,Activation,10913190;14767560
EGR1,VEGFA,Activation,20489156
EGR1,VEGFA,Repression,15517885
EGR1,VEGFA,Unknown,9049304
EGR2,IGF2,Unknown,9610618
EGR2,IL6,Unknown,24007274
EGR2,PTGS2,Unknown,24007274
ELF3,PTGS2,Unknown,15794755
ELK1,PSEN1,Activation,12750007
ELL,BAX,Repression,15851483
ENO1,HSD3B2,Unknown,15642786
ENO1,MYC,Repression,10681589;9119380
ENO1,MYC,Unknown,10528225;10802057;18490439;20412594;7880838
ENO1,MYCN,Unknown,15382088
ENO1,PTGS2,Unknown,19846662
EP300,IGF1,Unknown,18281476
EP300,IL6,Unknown,19966855
EP300,PTGS2,Activation,12471036
EP300,PTGS2,Unknown,12057991;17237818;17395887
EP300,VEGFA,Activation,22789427
EPAS1,VEGFA,Activation,11301389;11751212;16900513;19080330
EPAS1,VEGFA,Unknown,15156561;16920734
ERCC2,BAX,Activation,22387547
ERCC2,BCL2,Repression,22387547
ERG,ADAMTS1,Activation,19396168
ERG,HMOX1,Unknown,10022513
ESR1,ABCG2,Unknown,10342828
ESR1,AHR,Unknown,10620335
ESR1,AMH,Activation,13678390
ESR1,AR,Activation,22391641
ESR1,AVP,Unknown,11089536
ESR1,BCL2,Activation,19148464
ESR1,BCL2,Unknown,10542244;11261829;9306964
ESR1,BLM,Activation,17268063
ESR1,BRCA1,Unknown,11782371
ESR1,BTG2,Repression,19117054
ESR1,CCNA2,Activation,17681750
ESR1,CCND1,Activation,12554765;15178330;17681750
ESR1,CCND1,Unknown,12929585;22892083
ESR1,CD24,Repression,18404683
ESR1,CDH1,Unknown,17893710
ESR1,CDK4,Unknown,22179484
ESR1,CDKN1A,Activation,11517191;15378598;16628468
ESR1,CDKN1A,Repression,17681750
ESR1,CDKN1B,Repression,17681750
ESR1,CEBPB,Unknown,19652226
ESR1,CHAT,Unknown,10037443
ESR1,CRH,Repression,12161509
ESR1,CRHBP,Activation,15345745
ESR1,CTNNB1,Repression,16628468
ESR1,CTSD,Unknown,10037443;19569049
ESR1,CXCL12,Unknown,18563714
ESR1,CYP19A1,Activation,12839940
ESR1,CYP1A1,Repression,15837795
ESR1,CYP1B1,Unknown,15126349
ESR1,CYP2C19,Repression,20675569
ESR1,DCT,Activation,15892717
ESR1,E2F1,Unknown,10446910;12697671
ESR1,EGFR,Unknown,12421825
ESR1,ESR1,Unknown,16636675
ESR1,ESRRA,Unknown,12960079
ESR1,F12,Activation,9794469
ESR1,FLT1,Unknown,17242190
ESR1,FOS,Unknown,10037443
ESR1,FOXP1,Activation,21901488
ESR1,GREB1,Activation,17666587
ESR1,GREB1,Unknown,21984905
ESR1,HSPB1,Activation,10960840
ESR1,HTRA2,Activation,21486948
ESR1,JAK2,Unknown,19876927
ESR1,JUN,Activation,11477071
ESR1,JUN,Unknown,10037443
ESR1,JUNB,Activation,11477071
ESR1,KDR,Activation,16574784
ESR1,KRT19,Activation,11026574
ESR1,MDM2,Unknown,12897156
ESR1,MICB,Unknown,23527639
ESR1,MMP13,Unknown,19185056
ESR1,MTA3,Unknown,15169784
ESR1,MYC,Unknown,11517191;19569049;22892083
ESR1,NQO1,Repression,20623181
ESR1,NR5A2,Unknown,16091743
ESR1,NRF1,Activation,21486948
ESR1,OXT,Unknown,10411324
ESR1,PELP1,Unknown,15087130
ESR1,PGR,Activation,10894148;12554765
ESR1,PGR,Unknown,10835496
ESR1,PLAC1,Activation,19652226
ESR1,PLAC1,Unknown,24304549
ESR1,PMAIP1,Activation,22216287
ESR1,PTMA,Repression,12149645
ESR1,RARA,Activation,9626663
ESR1,RET,Unknown,21737465;21947652
ESR1,RUNX2,Unknown,11604227
ESR1,SERPINB9,Unknown,11682627
ESR1,SERPINE1,Activation,15217907
ESR1,SP1,Unknown,19652226
ESR1,TAC3,Activation,14592957
ESR1,TERT,Activation,10805720;16690106;18754863
ESR1,TFF1,Activation,11517191;18543253
ESR1,TFF1,Unknown,10037443;21984905
ESR1,TGFA,Activation,11517191
ESR1,TGFA,Unknown,10828826
ESR1,TP53,Repression,17681750
ESR1,TYMS,Unknown,10875244
ESR1,UGT1A4,Activation,19546240
ESR1,UGT2B15,Activation,19487245
ESR1,VEGFA,Activation,19398483
ESR1,VEGFA,Unknown,10995484;14647449
ESR1,YWHAQ,Unknown,22329840
ESR1,ZEB1,Activation,22391641
ESR1,ZFHX3,Activation,21367855
ESR2,CHAT,Unknown,10037443
ESR2,CRH,Repression,12161509
ESR2,INSR,Repression,22099628
ESR2,VEGFA,Unknown,10995484
ETS1,BAX,Repression,17213822
ETS1,CR1,Unknown,10533284
ETS1,HMOX1,Unknown,10022513
ETS1,PLAU,Unknown,10211993;11556732
ETS1,SQSTM1,Unknown,9762895
ETS2,APP,Unknown,12890557
ETV4,PTGS2,Activation,11274170
ETV4,TNF,Unknown,7896795
EZH2,ADAMTS1,Repression,22514714
FLI1,HMOX1,Unknown,10022513
FLI1,MIR708,Repression,22723308
FOS,CASP9,Activation,20188076
FOS,CLU,Repression,10406964
FOS,NGF,Unknown,2111020
FOS,NOS2,Activation,12788789
FOS,NOS2,Repression,9776360
FOS,NPY,Unknown,8036020
FOS,PLAU,Unknown,11774399
FOS,PTGS2,Activation,9620167
FOS,PTGS2,Unknown,11278336;12057991;17556653
FOSL1,CLU,Unknown,10406964
FOSL2,CLU,Unknown,10406964
FOSL2,NOS2,Activation,12788789
FOXA1,ABCA1,Repression,24807696
FOXA1,BCL2,Repression,19127412
FOXA1,ESR1,Unknown,20501593;24290378
FOXA2,ABCA1,Repression,24807696
FOXM1,APOE,Unknown,11229886
FOXM1,VEGFA,Unknown,21860419
FOXO1,IL6,Activation,21185807
FOXO3,VEGFA,Unknown,21860419
FOXO4,SOD2,Activation,21536589
FOXQ1,VEGFA,Activation,20145154
GATA1,BACE1,Unknown,12815710
GATA1,DPYSL2,Unknown,15207709
GATA2,DPYSL2,Unknown,15207709
GATA2,NOS3,Activation,10713142
GATA2,PPARG,Repression,19772889
GATA3,ESR1,Unknown,17616709
GATA4,NOS3,Activation,14555463
GATA6,CAV1,Repression,21514437
GATA6,PLAU,Repression,15231498
GBX2,IL6,Activation,10690529
GFI1,BAX,Repression,17213822
GLI1,BCL2,Activation,19074837;21135115
GLI1,BCL2,Repression,14555646
GLI1,BCL2,Unknown,15520176;24739390
GLI2,BCL2,Activation,16880536;21135115
GLIS3,INS,Unknown,23856252
HDAC1,ESR1,Repression,18316616;20101232;23242655
HDAC1,ESR1,Unknown,21655924
HDAC1,NOS3,Unknown,22848708
HDAC1,PTGS2,Activation,17395887
HDAC1,RELN,Repression,19029285
HDAC11,TNF,Repression,21239696
HDAC2,IGF1,Unknown,18193094
HDAC2,VEGFA,Unknown,23926105
HDAC3,TNF,Unknown,15356147
HDAC3,VEGFA,Unknown,23926105
HDAC4,PTGS2,Activation,18820298
HDAC4,SLC2A4,Unknown,23899560
HDAC4,VEGFA,Repression,19509297
HDAC5,IGF2,Unknown,19666599
HDAC5,SLC2A4,Repression,22991226
HDAC5,SLC2A4,Unknown,23899560
HDAC7,ESR1,Repression,21078666
HDAC9,APP,Unknown,20145244
HDAC9,ESR1,Repression,19185986
HDGF,VEGFA,Activation,14662017;21302807
HES1,MAP2,Repression,19880519
HEXIM1,VEGFA,Unknown,20453883
HIC1,VEGFA,Repression,24067369
HIF1A,ACE,Activation,19592460
HIF1A,BAX,Activation,15706354
HIF1A,ENO1,Activation,8955077
HIF1A,GAPDH,Unknown,11955624
HIF1A,LEP,Activation,18559540
HIF1A,LEP,Unknown,19080496
HIF1A,PLAU,Unknown,14567996
HIF1A,VEGFA,Activation,11749701;12542982;12820439;15315159;15735682;15890092;16052307;16515634;16540671;16854277;16900513;17461470;17557905;17889387;18027712;18060642;18572865;19759417;22789427
HIF1A,VEGFA,Repression,12509854;14712484;15930297;16596228;18471962
HIF1A,VEGFA,Unknown,11486006;15156561;16543242;16774940;17486380;18835464;19238077;19502554;21731766;23060442
HIPK2,VEGFA,Repression,18644116;19046997
HMGA1,IL1B,Unknown,15901130
HMGA1,INSR,Activation,16707431
HMGA1,INSR,Repression,17434141
HMGA1,PTGS2,Activation,22898640
HMGB2,TNF,Activation,18218727
HNF1A,VEGFA,Unknown,21731766
HNF4A,CYP2D6,Activation,11752221
HNF4G,CYP2D6,Activation,11752221
HOXA1,BCL2,Activation,12482855;15665309
HOXB7,VEGFA,Activation,21183939
HOXC11,S100B,Unknown,20145129
HOXC6,MME,Repression,15637592
HOXD3,PLAU,Unknown,14610084
HSF1,ABCB1,Unknown,10816597
HSF1,ATG7,Activation,23386620
HSF1,BAG3,Repression,19006120
HSF1,BAG3,Unknown,20692357
HSF1,CDKN1A,Repression,20622894
HSF1,CRYGA,Unknown,19250318
HSF1,CRYGB,Unknown,19250318
HSF1,FKBP4,Unknown,20692357
HSF1,FUT4,Unknown,23959823
HSF1,GUCA2B,Repression,22129966
HSF1,HLA-G,Unknown,11005379
HSF1,HOPX,Unknown,22669480
HSF1,HSD17B6,Repression,16278218
HSF1,HSP90B2P,Unknown,17897941
HSF1,HSPA1A,Unknown,17897941;20692357;23212905;23874968
HSF1,HSPA1B,Unknown,20692357
HSF1,HSPA4,Activation,12813038;23349863;8114740;8455624
HSF1,HSPA4,Unknown,1508207;15777846;16554822;22940245;23264262
HSF1,IL1B,Repression,10328874
HSF1,JUN,Unknown,24127737
HSF1,LDHA,Activation,19668225
HSF1,MAP3K14,Unknown,19381566
HSF1,MICA,Activation,19139882
HSF1,MICB,Activation,19139882
HSF1,NAT1,Activation,20176657
HSF1,NFKB1,Unknown,18689673
HSF1,POLK,Activation,22227292
HSF1,RELA,Unknown,18689673
HSF1,SERPINE1,Activation,17259369;19401454
HSF1,SESN3,Unknown,23388456
HSF1,STIP1,Unknown,20692357;22669480
HSF1,TNF,Unknown,18689673
HSF1,UBB,Unknown,20692357
HTATIP2,VEGFA,Repression,19349353
ID3,VEGFA,Unknown,16926250
IKBKB,CD44,Repression,18600306
IKBKB,CXCL8,Unknown,12296854
IKBKB,MMP9,Repression,18600306
IKBKB,NOS2,Repression,17478759
IKBKB,TP53,Unknown,24006445
IKBKB,VCAM1,Repression,18600306
ILF3,PLAU,Activation,22986534
ING1,BAX,Activation,15662138;16325212
ING1,CASP3,Activation,15662138
ING2,BCL2,Repression,15748897
ING4,BAX,Activation,20707719
ING4,BCL2,Repression,19895734;20707719
ING4,CASP3,Activation,19895734
ING4,NGF,Repression,22078444
ING4,PTGS2,Repression,18399550
IRF1,BCL2,Repression,10918594
IRF5,TNF,Unknown,20237317
IRF8,IL1B,Activation,17386941
JUN,APP,Unknown,8015372
JUN,IL1B,Unknown,11306276
JUN,IL6,Activation,20225236
JUN,IL6,Unknown,10542237;11120852
JUN,NGF,Unknown,2111020
JUN,NOS2,Activation,12788789
JUN,NOS2,Repression,9776360
JUN,NOS2,Unknown,14962367
JUN,NOS3,Unknown,11382920
JUN,NPY,Unknown,8036020
JUN,PLAU,Unknown,10454570;11774399
JUN,PTGS2,Activation,15772294;18294142;9620167
JUN,PTGS2,Unknown,11278336;12057991;16339564;17556653;20237399
JUN,SOD2,Unknown,15330761
JUN,TNF,Activation,10318823;10688670;10748079;10913190
JUN,TNF,Unknown,7896795;9566900
JUN,VEGFA,Repression,11731421
JUNB,CLU,Unknown,10406964
JUNB,IL1B,Unknown,11306276
JUNB,PTGS2,Activation,9620167
JUND,CLU,Unknown,10406964
JUND,IL6,Activation,11337499
JUND,NOS2,Activation,12788789
JUND,PTGS2,Activation,9620167
KDM4B,ESR1,Unknown,23723241
KHDRBS1,IGF2,Activation,12849008
KHDRBS1,LEP,Activation,21672929
KLF10,PTGS1,Activation,23178857
KLF11,INS,Activation,18593768
KLF11,INS,Unknown,15774581;18199129;21592955
KLF2,CCR5,Activation,22988032
KLF2,NOS3,Activation,22987017
KLF2,PPARG,Repression,20693579
KLF4,IL1B,Repression,22449968
KLF4,IL6,Activation,23846700
KLF4,SOD1,Repression,23370975
KLF4,VEGFA,Unknown,23926105
KLF6,IGF1R,Unknown,15131018
KLF6,NOS2,Activation,12590140
KLF6,NOS2,Unknown,23831683
LEF1,CTNNB1,Unknown,11326276
LEF1,ESR1,Unknown,18794125
LMO4,ESR1,Unknown,16288053
LMX1B,CD2AP,Unknown,11956244
LRRFIP1,TNF,Repression,16199883
MAFA,INS,Unknown,16461554;21830322
MBD1,IGF2,Unknown,19666599
MECP2,ESR1,Repression,15870696
MECP2,ESR1,Unknown,21655924;23242655
MECP2,RELN,Repression,19029285
MEF2A,MAPK14,Activation,18073218
MEF2A,PPARGC1A,Unknown,18222924
MEF2A,SLC2A4,Activation,14630949;18198354
MEF2A,SLC2A4,Unknown,15294043
MEF2C,VEGFA,Unknown,18450586
MEN1,CASP8,Activation,17766243
MITF,PPARGC1A,Activation,23416000
MITF,SERPINF1,Activation,22115973
MLLT10,BAX,Repression,15851483
MLLT3,BAX,Repression,15851483
MSX2,BCL2,Repression,21730974
MSX2,SOD1,Activation,22824755
MTA1,ESR1,Repression,24413532
MTA1,ESR1,Unknown,11146623
MTA1,NOS2,Activation,20022949
MTF1,PRNP,Activation,18990686
MTF1,SOD1,Activation,15378601
MYB,BCL2,Activation,11675351
MYB,BCL2,Repression,20659323
MYB,BCL2,Unknown,16088151
MYC,BCL2,Unknown,18809243
MYC,CD33,Repression,19259613
MYC,IL6,Unknown,19259613
MYC,MME,Activation,11519042
MYC,TFAM,Unknown,15988031
MYC,VEGFA,Activation,19398483
MYC,VEGFA,Unknown,18809243
MYCN,BAX,Activation,19885598
MYCN,CLU,Repression,23362253
MYCN,NGFR,Repression,21123453
NCOA3,BCL2,Activation,22213475
NCOA6,HSF1,Activation,14960326
NCOR1,ESR1,Repression,20101232
NCOR1,IGF1,Unknown,18193094
NCOR1,PPARG,Repression,20462215
NCOR2,IGF1,Unknown,18193094
NELFCD,CTNNB1,Repression,20735431
NEUROD1,INS,Unknown,10545951;16461554
NFAT5,TNF,Unknown,11485737
NFE2L2,BRCA1,Activation,23353771
NFE2L2,CAT,Activation,22493435
NFE2L2,CFTR,Activation,20309604
NFE2L2,CFTR,Repression,20309604
NFE2L2,CXCL8,Activation,21925595
NFE2L2,GCLC,Repression,22459801
NFE2L2,GCLC,Unknown,16054171
NFE2L2,GSS,Unknown,15890065;22213475
NFE2L2,GSTA1,Activation,16551619
NFE2L2,GSTA1,Repression,22459801
NFE2L2,HBB,Unknown,15206576
NFE2L2,HMOX1,Activation,16551619;21982894;22484158
NFE2L2,HMOX1,Repression,22459801
NFE2L2,HMOX1,Unknown,17942419;24035498
NFE2L2,KRT16,Activation,18629308
NFE2L2,MTHFR,Activation,16551619
NFE2L2,NQO1,Activation,11013233
NFE2L2,NQO1,Repression,22459801
NFE2L2,NQO1,Unknown,11035254
NFE2L2,SDHB,Unknown,9492280
NFE2L2,SOD1,Activation,22493435
NFE2L2,SOD2,Activation,22493435
NFE2L2,UGT2B7,Activation,18622263
NFIL3,APP,Unknown,22947103
NFIL3,IL1B,Repression,8547328
NFIL3,PTGS2,Unknown,1620116
NFKB1,A2M,Unknown,11466367
NFKB1,ABCA1,Repression,17135302
NFKB1,AGER,Activation,18622638;19616578
NFKB1,BACE1,Repression,17385716
NFKB1,BAX,Repression,18158998
NFKB1,BAX,Unknown,20056115
NFKB1,BCL2,Activation,14978135;18158998;19259124;20446017;21503108
NFKB1,BCL2,Repression,12032828;15120608;18031796;18566231
NFKB1,BCL2,Unknown,14739605;16022909;16453001;17673602;18761399;19233129;20103608;20332461
NFKB1,CASP3,Unknown,20056115
NFKB1,CASP9,Unknown,20056115
NFKB1,CCR5,Unknown,12745546;19469019;9840284
NFKB1,GSK3B,Unknown,11579131
NFKB1,HMOX1,Unknown,8016102
NFKB1,IL1B,Activation,12686724;14960579;8413223;8679226;9878621
NFKB1,IL1B,Unknown,10080875;10963848;16433741;17707233;18285351;20336759;9058643
NFKB1,IL6,Activation,10329846;10903137;11327783;11504280;12058956;12887736;14532843;15756023;16984731;17040605;17196927;18057724;18061164;18243142;18942706;18996370;19124729;19164127;20066113;22547075;7876168;8679226;8725624
NFKB1,IL6,Repression,15517885
NFKB1,IL6,Unknown,10823821;10963848;11120852;11975924;15158360;16112536;17490702;17532054;19469019;19707556;2405250;8752656;9516466
NFKB1,NOS2,Activation,15350552;17081374;17720813;18057724
NFKB1,NOS2,Unknown,11438703;15170030;16283237;16318585;19766095
NFKB1,NOS3,Activation,17081374;17644577
NFKB1,PLAU,Activation,11689575;17407600;20352621
NFKB1,PTGS2,Activation,10827178;12471036;15368354;15387324;15547942;15555528;15997464;16624933;16820889;18057724;18294142;19618291;22001128
NFKB1,PTGS2,Repression,12622742;15517885
NFKB1,PTGS2,Unknown,12067569;12349897;12871860;14988266;15655349;16210649;17556653;17673602;17767925;18973191;19766095;20103608;20669087
NFKB1,SOD2,Activation,11880364;14515147;19507253
NFKB1,SOD2,Unknown,15330761;18779124
NFKB1,SQSTM1,Unknown,9762895
NFKB1,TF,Activation,12744731
NFKB1,TF,Unknown,22119392
NFKB1,TNF,Activation,10079106;10748079;11749970;12058956;12686724;15013838;16707469;16916598;17407192;18057724;20066113;7876168;8219230;8679226
NFKB1,TNF,Unknown,10551799;10837498;10963848;11297551;14960579;15812247;16040075;16433741;17442180;17707233;18285351;20237317;9916895
NFKB1,VEGFA,Activation,15856023;16684540;17407600;18056465
NFKB1,VEGFA,Repression,15517885
NFKB1,VEGFA,Unknown,12160329;17673602;18184402;20103608;20538607
NFKBIA,IL1B,Repression,15228586
NFKBIA,NOS2,Repression,17478759
NKX2-5,CTNNB1,Unknown,19479054
NKX3-1,ESR1,Unknown,18794125
NKX3-1,IGF1R,Repression,22179513
NKX3-1,VEGFA,Unknown,18974119
NR0B2,PTGS2,Activation,21613300
NR1H2,ABCA1,Activation,16141411
NR1H3,ABCA1,Activation,11264984;16141411;18580406;19201410
NR1H3,ABCA1,Unknown,15171719
NR1H4,INS,Activation,20060466
NR1H4,VEGFA,Activation,21364590
NR1I2,BCL2,Activation,16085054
NR2E3,ESR1,Unknown,22174013
NR3C1,BAX,Activation,17496926
NR3C2,CCR5,Activation,11751947
NR4A1,TNF,Repression,19213954
NR4A2,CRH,Unknown,11315917
NR4A3,PPARG,Repression,18855877
NRF1,IDE,Activation,22870279
OTX2,IGF1,Activation,21047732
OTX2,IL6,Activation,21047732
PARP1,BCL2,Repression,20564216
PARP1,HFE,Unknown,24184271
PARP1,SERPINF1,Repression,18312852
PAWR,BCL2,Repression,11912153;9989812
PAX2,ADAM10,Unknown,21876729;21880579
PAX3,DPYSL2,Unknown,17229153
PAX4,INS,Repression,17426099
PAX4,INS,Unknown,10601637
PAX5,BAX,Activation,22105368
PAX5,BCL2,Repression,22105368
PDX1,INS,Activation,7568086
PDX1,INS,Unknown,10426567;10567373;10585868;20886630
PER1,BAX,Repression,19675098
PER1,BCL2,Activation,19675098
PGR,BCL2,Activation,17785366
PGR,BCL2,Unknown,9306964
PGR,ESR1,Activation,16982776
PGR,PTGS2,Repression,18483177
PGR,VEGFA,Unknown,22542550
PHF10,CASP3,Unknown,20530714
PIAS3,ESR1,Unknown,22174013
PKNOX1,SYP,Activation,20864515
PLAG1,IGF2,Activation,10646861;11284386;11888928;14695992;14712223
PLAG1,IGF2,Unknown,23023303
PLAGL2,IGF2,Activation,11888928
PML,BAX,Activation,16007146
PML,CASP3,Activation,16253165
POU2F1,PLAU,Unknown,10951201
PPARA,HMOX1,Unknown,17413033
PPARA,IL6,Unknown,15001458
PPARA,PTGS2,Activation,11412039
PPARA,SOD2,Unknown,19958503
PPARD,SOD1,Activation,18048767
PPARG,ABCG2,Activation,16785230
PPARG,ACAT1,Activation,19049899
PPARG,ADIPOQ,Activation,20484463
PPARG,ADIPOQ,Unknown,18373719;19833717
PPARG,AGER,Repression,18855759
PPARG,ANGPTL4,Activation,15190076
PPARG,ANGPTL4,Unknown,14570927
PPARG,APOB,Repression,16542871
PPARG,APOBR,Repression,12700342
PPARG,ATP2A2,Unknown,22240811
PPARG,BAD,Activation,14960510
PPARG,BCL2,Activation,15067355
PPARG,BCL2,Repression,14960510
PPARG,BCL2L1,Repression,14960510
PPARG,BRS3,Activation,17355223
PPARG,CAT,Unknown,20075562
PPARG,CAV1,Unknown,17764562
PPARG,CCND1,Repression,15041706;15193259;15486348
PPARG,CCNE1,Repression,14960510
PPARG,CD36,Activation,11795270
PPARG,CD36,Unknown,15104237;17322100
PPARG,CD83,Activation,15356156
PPARG,CDKN1A,Activation,15041706
PPARG,CEBPA,Unknown,15867211
PPARG,CFLAR,Repression,17172826
PPARG,CIITA,Activation,19358337
PPARG,CIITA,Repression,11861426;17611194
PPARG,CLDN2,Unknown,16688762
PPARG,CPT1B,Activation,15356291
PPARG,CSF1,Repression,18566389
PPARG,DBI,Unknown,12015306
PPARG,DEFB103A,Unknown,20970965
PPARG,EGFR,Repression,15486348
PPARG,ERO1A,Activation,18177270
PPARG,ERP44,Activation,20484463
PPARG,ERP44,Repression,20484463
PPARG,FABP4,Activation,11574398
PPARG,FABP4,Unknown,17322100;21047783
PPARG,FASLG,Activation,18293083
PPARG,FGF1,Unknown,22522926
PPARG,GDF15,Unknown,14662774
PPARG,GK,Activation,14749268
PPARG,HMOX1,Unknown,17413033
PPARG,ICAM1,Repression,17425601
PPARG,JAG1,Unknown,20436223
PPARG,KLF4,Unknown,23275339
PPARG,LIPE,Activation,16269451
PPARG,MMP1,Unknown,15090544
PPARG,MMP9,Repression,20021931
PPARG,MYC,Repression,11973610
PPARG,NOTCH4,Unknown,20436223
PPARG,NR1H3,Unknown,11604492
PPARG,PDK2,Repression,15955060
PPARG,PLIN2,Activation,11420178;16403437
PPARG,PLIN2,Unknown,17322100;19571381
PPARG,POU2F1,Activation,12881480
PPARG,PTEN,Activation,11378386;16425225;16775433;20198337
PPARG,PTGS2,Activation,11412039
PPARG,PTGS2,Repression,14555539;16506021
PPARG,PTGS2,Unknown,10827178;11278336
PPARG,RARB,Activation,12839938
PPARG,REN,Repression,18483152
PPARG,REN,Unknown,17785633
PPARG,RETN,Activation,20360975
PPARG,RETN,Unknown,12504108
PPARG,SAT1,Activation,14506281
PPARG,SAT1,Unknown,14750214
PPARG,SERPINE1,Unknown,10073956
PPARG,SLC2A4,Repression,16670091
PPARG,SLC5A5,Activation,17614769
PPARG,SLC9A1,Repression,19887620
PPARG,SOCS7,Unknown,20357037
PPARG,TG,Repression,17614769
PPARG,TNFRSF11B,Unknown,12056809
PPARG,TP53,Activation,14960510;16887883
PPARG,TSHR,Repression,17614769
PPARG,TXNIP,Unknown,19808645
PPARG,UGT1A9,Activation,12582161
PPARG,VLDLR,Activation,19861583
PPARGC1A,ALDOB,Activation,16891307
PPARGC1A,APOA5,Activation,16891307
PPARGC1A,APOC3,Activation,16891307
PPARGC1A,CYP2C9,Unknown,16882880
PPARGC1A,CYP7A1,Activation,16891307
PPARGC1A,MFN2,Activation,17828388
PPARGC1A,MLYCD,Unknown,16434556
PPARGC1A,OTC,Activation,16891307
PPARGC1A,PCK2,Activation,16891307
PTTG1,VEGFA,Activation,12213878;16926250
RARA,CRH,Activation,19596122
RARA,MAOB,Unknown,19401466
RARA,PLAU,Unknown,10361124
RB1,IGF1,Unknown,18281476
RB1,PPARG,Unknown,20971808
RB1,VEGFA,Activation,16007189
RBPJ,IL6,Activation,10329846
RBPJ,IL6,Unknown,9516466
REL,IL1B,Activation,8413223
REL,IL6,Repression,1372388
REL,SOD2,Activation,11880364
RELA,ABCA1,Repression,17135302
RELA,AGER,Activation,18622638;19616578
RELA,BACE1,Repression,17385716
RELA,BAX,Repression,18158998
RELA,BAX,Unknown,20056115
RELA,BCL2,Activation,14978135;18158998;19259124;20446017;21503108
RELA,BCL2,Repression,15120608;18031796;18566231
RELA,BCL2,Unknown,14739605;16022909;16453001;17673602;18761399;19233129;20103608;20332461
RELA,CASP3,Unknown,20056115
RELA,CASP9,Unknown,20056115
RELA,CCR5,Unknown,12745546;19469019;9840284
RELA,HMOX1,Unknown,8016102
RELA,IL1B,Activation,12686724;14960579;8021507;8413223;8679226;9878621
RELA,IL1B,Unknown,10080875;10963848;16433741;17707233;18285351;20336759;9058643
RELA,IL6,Activation,10329846;10903137;11327783;11504280;12058956;12887736;14532843;15756023;16984731;17040605;17196927;18057724;18061164;18243142;18942706;18996370;19124729;19164127;20066113;22547075;7499267;7876168;8679226
RELA,IL6,Repression,15517885
RELA,IL6,Unknown,10542237;10823821;10963848;11120852;11975924;15158360;16112536;17490702;17532054;19469019;19707556;19966855;20457835;8752656;9516466
RELA,NOS2,Activation,15350552;17081374;17720813;18057724
RELA,NOS2,Unknown,15170030;16283237;16318585;19766095;9712833
RELA,NOS3,Activation,17081374
RELA,PLAU,Activation,11689575;17407600;20352621
RELA,PTGS2,Activation,10827178;12471036;15368354;15387324;15547942;15555528;15997464;16624933;16820889;18057724;18294142;19618291;22001128
RELA,PTGS2,Repression,12622742;15517885
RELA,PTGS2,Unknown,12067569;12349897;12871860;14645117;14988266;15655349;16210649;17556653;17673602;17767925;18973191;19766095;20103608;20669087
RELA,SOD2,Activation,11880364;14515147;19507253
RELA,SOD2,Unknown,15330761;18779124
RELA,TF,Activation,12744731
RELA,TF,Unknown,22119392
RELA,TNF,Activation,10079106;10748079;11749970;12058956;12686724;15013838;16707469;16916598;17407192;18057724;20066113;7876168;8219230;8679226
RELA,TNF,Unknown,10551799;10837498;10963848;11297551;14960579;15812247;16040075;16433741;17442180;17707233;18285351;20237317;9916895
RELA,VEGFA,Activation,15856023;16684540;17407600;18056465
RELA,VEGFA,Repression,15517885
RELA,VEGFA,Unknown,12160329;17673602;18184402;20103608;20538607
REST,BDNF,Repression,18075316;18518926
RFWD2,PLAU,Repression,12615916
RFX5,HLA-DRB5,Unknown,11258423
RFXANK,HLA-DRB5,Unknown,11258423
RFXAP,HLA-DRB5,Unknown,11258423
RUNX1,MPO,Unknown,11023523
RUNX1,VEGFA,Repression,21447743
RUNX2,ESR1,Unknown,17350616
RUNX2,PLAU,Unknown,18331818
RUNX2,VEGFA,Activation,19509297;22641097
RUNX3,CASP3,Activation,15930301;19290488
RUNX3,CASP8,Activation,15930301
RUNX3,HSPD1,Repression,17956589
RXRA,ABCA1,Activation,14764426
SATB1,BCL2,Activation,20564216
SATB1,BCL2,Unknown,21310710
SETBP1,PTGS2,Repression,18419541
SIM2,BCL2,Repression,21729534
SIM2,CASP3,Activation,21729534
SIRT1,CTNNB1,Repression,22245592
SIRT1,HSF1,Activation,23349863
SIRT1,HSF1,Unknown,19229036
SIRT1,IL1B,Unknown,21245135
SIRT1,PPARG,Repression,15850715
SIRT1,TNF,Unknown,21245135
SLC2A4RG,SLC2A4,Activation,14630949
SMAD2,BCL2,Unknown,24739390
SMAD3,VEGFA,Unknown,11486006
SMAD4,BCL2,Unknown,24739390
SMAD7,HMOX1,Unknown,11018038
SOX6,CTNNB1,Repression,21084391
SP1,ABCA1,Activation,11264984;17887732
SP1,ABCA1,Unknown,10884428
SP1,ADAM10,Activation,21854868
SP1,ADAM17,Activation,22705645
SP1,ADAM17,Unknown,19772640
SP1,APOE,Unknown,11229886
SP1,APP,Activation,15673661
SP1,APP,Unknown,8015372
SP1,BACE1,Activation,21712774;22275252
SP1,BACE1,Unknown,15681800;15857888
SP1,BAX,Unknown,11278953
SP1,BCL2,Unknown,10542244
SP1,CASP3,Unknown,11773055
SP1,CAV1,Unknown,10684646
SP1,CD2AP,Activation,21604172
SP1,DHCR24,Activation,22431021
SP1,DPYSL2,Unknown,15207709
SP1,ESR1,Unknown,12237165;21235772
SP1,IGF1R,Unknown,15345673
SP1,IGF2,Activation,11327698
SP1,IGF2,Unknown,10606246;11336542;9610618
SP1,IL6,Activation,18502099
SP1,INSR,Activation,1311316;16707431
SP1,INSR,Unknown,7983788
SP1,LEP,Activation,18559540
SP1,MAOB,Unknown,11259630;20980443
SP1,MME,Unknown,14510963
SP1,MPO,Activation,17521322;8662930
SP1,MPO,Unknown,12057865
SP1,NOS3,Activation,10713142;12270858;18624763
SP1,NOS3,Unknown,15722551
SP1,NPY,Unknown,2376581
SP1,PLAU,Unknown,10361124
SP1,PRNP,Activation,18990686
SP1,PRNP,Unknown,23131565
SP1,PSEN1,Unknown,10446206
SP1,PTGS2,Activation,15767339
SP1,PTGS2,Repression,15767339
SP1,SOD1,Activation,8921911;9867871
SP1,SOD1,Repression,11724400
SP1,SOD2,Repression,11853549
SP1,SOD2,Unknown,18779124;23500038
SP1,SQSTM1,Unknown,9762895
SP1,SYP,Unknown,12492469
SP1,TF,Unknown,8548503
SP1,TNF,Activation,10688670;10913190
SP1,TNF,Repression,12759366
SP1,VEGFA,Activation,10581162;12429844;15217947;15342781;16540671;16982770;21115498
SP1,VEGFA,Repression,11559575
SP1,VEGFA,Unknown,10816575;11731421;12560084;14647449;18575762;23369005;8910439
SP3,ABCA1,Repression,15922656
SP3,ABCA1,Unknown,10884428
SP3,ACE,Unknown,14679188
SP3,CD2AP,Activation,21604172
SP3,CYP46A1,Unknown,20930312
SP3,MAOB,Unknown,11259630
SP3,NOS3,Activation,14555463
SP3,VEGFA,Unknown,10816575;14647449
SP4,MAOB,Activation,11259630
SPDEF,SQSTM1,Activation,12700667
SPI1,IL1B,Activation,17386941
SPI1,IL1B,Unknown,10801783
SPI1,MME,Unknown,15892171
SPI1,TNF,Unknown,10748079
SREBF1,CAV1,Repression,19808659
SREBF1,HMOX1,Unknown,17452746
SREBF1,LRP1,Repression,20980003
SREBF1,PPARG,Unknown,10409739
SREBF2,ABCA1,Repression,15922656;16901265
SREBF2,LRP1,Repression,16697011;20980003
SREBF2,PPARG,Unknown,10409739
SRF,PLAU,Activation,15514113
STAT1,APP,Unknown,9841227
STAT1,BAX,Unknown,17346710
STAT1,CHAT,Unknown,12425940
STAT1,HMOX1,Activation,19129475
STAT1,IL1B,Activation,17386941
STAT1,IL6,Repression,18616672
STAT1,NOS2,Activation,12586443
STAT1,NOS2,Unknown,16318585
STAT1,PTGS2,Activation,12586443
STAT1,PTGS2,Unknown,10433370;16685393
STAT2,NOS2,Activation,12586443
STAT2,PTGS2,Activation,12586443
STAT3,A2M,Unknown,11466367
STAT3,ABCA1,Unknown,19783654
STAT3,BCL2,Activation,15184887;15805299;18839277;19926637;21435102;22504301
STAT3,BCL2,Repression,22313388
STAT3,BCL2,Unknown,18320073;20043094;20446017;21172343;21344490;21385902
STAT3,HMOX1,Activation,19129475
STAT3,HSPB1,Activation,14715258
STAT3,IL6,Activation,10391682;18765795;20930550;22547075;22927445
STAT3,IL6,Repression,18616672
STAT3,IL6,Unknown,22105366;22363173
STAT3,LEP,Activation,18242580;19492417
STAT3,PTGS2,Activation,20145033
STAT3,PTGS2,Unknown,21172343
STAT3,VEGFA,Unknown,23104276
STAT3,VEGFA,Activation,11960372;15735682;17169602;17533737;19284568;19880237;21278793;21418908
STAT3,VEGFA,Repression,17533737;19880237;22313388
STAT3,VEGFA,Unknown,12824281;16540670;16899623;17937859;18184402;18320073;19020709;20043094;21172343;21344490;21731766;25101566
STAT5A,ESR1,Unknown,11731618
STAT5B,ESR1,Unknown,11731618
STAT5B,IGF1,Activation,22419735
STAT6,PTGS2,Activation,17237818
SUGP1,IL1B,Activation,9878621
SUZ12,IGF2,Unknown,23962719
TBP,APP,Unknown,8015372
TBP,BCL2,Repression,11313951
TBP,IL6,Repression,9209275
TBR1,RELN,Unknown,19165920
TCF3,INS,Unknown,10567574;9665477
TCF4,BCL2,Unknown,23671559
TCF4,VEGFA,Activation,15940626
TCF7L2,CTNNB1,Unknown,24317174
TCF7L2,PTGS2,Unknown,11396184
TEAD4,VEGFA,Repression,22761647
TFAP2A,ACHE,Repression,7559515
TFAP2A,APP,Unknown,17651731
TFAP2A,BACE1,Unknown,15059977
TFAP2A,BCL2,Repression,16533807
TFAP2A,HMOX1,Unknown,8016102
TFAP2A,PTGS2,Unknown,16423197
TFAP2A,SOD2,Unknown,23500038
TFAP2A,VEGFA,Activation,9049304
TFAP2A,VEGFA,Unknown,11731421
TFAP2C,ESR1,Activation,11278455;19458056
TFCP2,A2M,Unknown,10455131
TFCP2,GSK3B,Unknown,16973241
TFCP2,TF,Activation,20796026
TFDP1,CAV1,Unknown,10684646
TP53,BAX,Activation,10101800;10566557;15851483;17280505;17693666;18172861;20673369;22532570;22732402;9000137
TP53,BAX,Unknown,10559267;11278953;12851404;15988033;19067706;21859835
TP53,BCL2,Repression,11313951;17693666;19411072;20428827;9000137
TP53,BCL2,Unknown,21859835
TP53,CASP3,Unknown,21859835
TP53,CAV1,Activation,10684646
TP53,CTNNB1,Repression,19411072
TP53,ESR1,Unknown,21655924
TP53,HSF1,Unknown,20180806
TP53,IGF1R,Repression,12444079;17097318
TP53,IGF1R,Unknown,11001824;17600529
TP53,PPARGC1A,Unknown,19139068
TP53,S100B,Activation,15178678
TP53,VEGFA,Activation,16684540
TP53,VEGFA,Repression,11559575
TP63,BAX,Activation,16007146
TP73,BAX,Unknown,19067706
TRAF6,VEGFA,Repression,22326918
TWIST1,BCL2,Unknown,23095743
TWIST1,ESR1,Repression,22056872
UHRF1,PPARG,Repression,22286757
UHRF1,VEGFA,Unknown,17934516
USF1,ABCA1,Activation,11861672
USF1,HMOX1,Activation,15242350
USF1,PTGS2,Repression,18817855
USF2,ABCA1,Activation,11861672
USF2,ATP5F1A,Activation,10434034
USF2,HMOX1,Activation,15242350
USF2,IGF2R,Activation,12857727
USF2,PTGS2,Unknown,12057991
VDR,IL6,Repression,11050002
VHL,IGF1R,Repression,17486080;19509240
VHL,VEGFA,Activation,10804089;7533661;8625303
VHL,VEGFA,Repression,10581162;12539169;12912922;8855222;9370235
VHL,VEGFA,Unknown,10189987;19801654;9572397;9689663
WT1,BCL2,Unknown,12644474
WT1,IGF1,Repression,9076342
WT1,IGF1R,Repression,10499530;12444079
WT1,IGF1R,Unknown,11001824;15345673
WT1,IGF2,Repression,1323141;7535092;8634146
WT1,IGF2,Unknown,10606246
WT1,VEGFA,Activation,20871039
WT1,VEGFA,Unknown,16572586;17127464
WWTR1,BAX,Activation,22470139
XBP1,ESR1,Activation,15882996
XBP1,IL6,Unknown,16931790
XBP1,NOS2,Unknown,20637858
XBP1,PRNP,Unknown,23737521
XBP1,SOD2,Unknown,17192397
XBP1,VEGFA,Unknown,20824063
YY1,CCR5,Repression,12571248;15737629
YY1,IL1B,Unknown,22467534
YY1,NOS2,Unknown,20430007
YY1,TF,Unknown,8548503
ZBTB16,BCL2,Repression,14769944
ZFP36,IL6,Repression,21656745
ZFP36,VEGFA,Repression,21507959;21656745
ZFP36L1,VEGFA,Repression,19801654
ZMYND11,IL6,Activation,19379743
ZNF202,ABCA1,Repression,15922656
ZNF24,CTNNB1,Activation,24224020
ZNF24,VEGFA,Repression,20510677;23212515
ZNF300,IL6,Activation,21777376
ZNRD1,BCL2,Activation,16373708;16609701
